modelo,estrategia,f1_treino,f1_cv,desvio_cv,ajuste_medio_s,busca_s,gap
Random Forest,Baseline,1.0,0.9524519297106121,0.05077415012051682,0.07465966542561848,0.0,0.0475480702893879
XGBoost,Baseline,1.0,0.9299901107968495,0.04872784821351694,0.019390106201171875,0.0,0.07000988920315054
LightGBM,Baseline,1.0,0.9512307587576404,0.025689852375969782,0.017265160878499348,0.0,0.048769241242359596
Random Forest,Grid,0.9964220824598183,0.9524519297106121,0.05077415012051682,0.061114231745402016,2.487575810999715,0.04397015274920624
XGBoost,Grid,1.0,0.9299901107968495,0.04872784821351694,0.01696324348449707,0.6718272849998357,0.07000988920315054
LightGBM,Grid,1.0,0.9588859494537668,0.03618556951316973,0.018013715744018555,0.4962176270000782,0.04111405054623318
Random Forest,Optuna,1.0,0.9524519297106121,0.05077415012051682,0.07008584340413411,5.142943967999599,0.0475480702893879
XGBoost,Optuna,1.0,0.9524519297106121,0.05077415012051682,0.031002521514892578,1.3813788120000936,0.0475480702893879
LightGBM,Optuna,1.0,0.9665130149001117,0.024339446935768345,0.01284170150756836,0.9152995140002531,0.033486985099888344
